トップページ	exetra
検索入力	basic
検索処理	basic
検索結果	basic
商品詳細	basic
レビュー入力	basic
レビュー確認	basic
レビュー完了	exetra
レビュー検索入力	basic
レビュー検索処理	basic
レビュー検索結果	basic
コメント入力	basic
コメント確認	basic
コメント完了	exetra
カート入力	basic
カート削除	basic
ログイン入力	exetra
ログイン処理	exetra
クレジットカード入力	exetra
クレジットカード確認	exetra
購入処理	exetra
購入完了	exetra
購入履歴	exetra
購入キャンセル入力	basic
購入キャンセル確認	exetra
購入キャンセル完了	exetra
会員情報変更入力	exetra
会員情報変更確認	exetra
会員情報変更完了	exetra
パスワード変更入力	exetra
パスワード変更完了	exetra
退会	basic
退会確認	exetra
退会完了	exetra
会員情報登録入力	basic
会員情報登録確認	exetra
会員情報登録完了	exetra
ログアウト処理	exetra
会員登録Brillia	basic
飛行日誌トップ	basic
検索入力	basic
検索処理	basic
検索結果	basic
商品詳細	basic
トップページ	exetra
レビュー入力	basic
レビュー確認	basic
レビュー完了	exetra
レビュー検索入力	basic
レビュー検索処理	basic
レビュー検索結果	basic
コメント入力	basic
コメント確認	basic
コメント完了	exetra
カート入力	basic
カート削除	basic
ログイン入力	exetra
トップページ	exetra
ログイン処理	exetra
クレジットカード入力	exetra
クレジットカード確認	exetra
購入処理	exetra
購入完了	exetra
購入履歴	exetra
トップページ	exetra
購入キャンセル入力	basic
購入キャンセル確認	exetra
購入キャンセル完了	exetra
会員情報変更入力	exetra
会員情報変更確認	exetra
会員情報変更完了	exetra
パスワード変更入力	exetra
パスワード変更完了	exetra
トップページ	exetra
退会	basic
退会確認	exetra
退会完了	exetra
会員情報登録入力	basic
会員情報登録確認	exetra
会員情報登録完了	exetra
ログアウト処理	exetra
会員登録	basic
日経新聞	basic
検索入力	basic
検索処理	basic
検索結果	basic
商品詳細	basic
レビュー入力	basic
レビュー確認	basic
レビュー完了	exetra
レビュー検索入力	basic
レビュー検索処理	basic
レビュー検索結果	basic
コメント入力	basic
コメント確認	basic
コメント完了	exetra
カート入力	basic
カート削除	basic
ログイン入力	exetra
ログイン処理	exetra
クレジットカード入力	exetra
クレジットカード確認	exetra
購入処理	exetra
購入完了	exetra
購入履歴	exetra
購入キャンセル入力	basic
購入キャンセル確認	exetra
購入キャンセル完了	exetra
会員情報変更入力	exetra
会員情報変更確認	exetra
会員情報変更完了	exetra
パスワード変更入力	exetra
パスワード変更完了	exetra
退会	basic
退会確認	exetra
退会完了	exetra
会員情報登録入力	basic
会員情報登録確認	exetra
会員情報登録完了	exetra
ログアウト処理	exetra
会員登録	basic
オライリージャパン	basic
検索入力	basic
検索処理	basic
検索結果	basic
商品詳細	basic
レビュー入力	basic
レビュー確認	basic
レビュー完了	exetra
レビュー検索入力	basic
レビュー検索処理	basic
レビュー検索結果	basic
コメント入力	basic
コメント確認	basic
コメント完了	exetra
カート入力	basic
カート削除	basic
ログイン入力	exetra
ログイン処理	exetra
クレジットカード入力	exetra
クレジットカード確認	exetra
購入処理	exetra
購入完了	exetra
購入履歴	exetra
購入キャンセル入力	basic
購入キャンセル確認	exetra
購入キャンセル完了	exetra
会員情報変更入力	exetra
会員情報変更確認	exetra
会員情報変更完了	exetra
パスワード変更入力	exetra
パスワード変更完了	exetra
退会	basic
退会確認	exetra
退会完了	exetra
会員情報登録入力	basic
会員情報登録確認	exetra
会員情報登録完了	exetra
ログアウト処理	exetra
会員登録	basic
